<?xml version="1.0" encoding="UTF-8"?>
<project-private xmlns="http://www.netbeans.org/ns/project-private/1">
    <editor-bookmarks xmlns="http://www.netbeans.org/ns/editor-bookmarks/2" lastBookmarkId="0"/>
    <open-files xmlns="http://www.netbeans.org/ns/projectui-open-files/2">
        <group>
            <file>file:/C:/Users/paual/Desktop/Uni/Sistemi%20Operativi/Shared/sistemi-operativi/FPW/Progetto/src/java/it/nuoro/progetto/servlet/AreaPersonale.java</file>
            <file>file:/C:/Users/paual/Desktop/Uni/Sistemi%20Operativi/Shared/sistemi-operativi/FPW/Progetto/web/marketplace.jsp</file>
            <file>file:/C:/Users/paual/Desktop/Uni/Sistemi%20Operativi/Shared/sistemi-operativi/FPW/Progetto/src/java/it/nuoro/progetto/servlet/AnnuncioServlet.java</file>
            <file>file:/C:/Users/paual/Desktop/Uni/Sistemi%20Operativi/Shared/sistemi-operativi/FPW/Progetto/web/area_personale.jsp</file>
            <file>file:/C:/Users/paual/Desktop/Uni/Sistemi%20Operativi/Shared/sistemi-operativi/FPW/Progetto/web/index.jsp</file>
            <file>file:/C:/Users/paual/Desktop/Uni/Sistemi%20Operativi/Shared/sistemi-operativi/FPW/Progetto/web/login.jsp</file>
            <file>file:/C:/Users/paual/Desktop/Uni/Sistemi%20Operativi/Shared/sistemi-operativi/FPW/Progetto/web/crea_annuncio.jsp</file>
            <file>file:/C:/Users/paual/Desktop/Uni/Sistemi%20Operativi/Shared/sistemi-operativi/FPW/Progetto/src/java/it/nuoro/progetto/servlet/LoginServlet.java</file>
        </group>
    </open-files>
</project-private>
